,n,m,Original_1,TDA_1,Original_2,TDA_2,Original_3,TDA_3,Original_4,TDA_4
0,810,57,40715.8475114054,29.80137349941794,113334.41388641199,38.91866445191201,200154.80061039107,33.22812301081077,291768.89336548484,34.7861069057785
1,721,29,25173.5215560408,47.75286582043846,69704.099085982,46.80362794917431,130245.74826337073,42.1904614585341,196923.74287771675,32.77367107660841
2,476,22,13500.483923805563,37.93760482672602,40645.15467364006,32.424378376990276,72850.32862173444,36.088552906482455,108920.10270456217,43.29404189174812
3,471,55,26647.627507648685,19.286061399980717,74735.57739118053,18.103836803694872,117889.55243293861,30.305226579600387,160187.0169637643,38.25047391786235
4,543,48,26609.083465523738,37.12609647227783,72122.74419904515,44.85700258730438,121344.35106966604,49.49516902714405,175063.27382029797,36.43682000239984
